Repo,FunctionNumber,PromptType,Model,CodeBLEU
craftship_codebox-npm,1,type1,GPT-3_5-Turbo,0.2062168684320187
craftship_codebox-npm,1,type2,GPT-3_5-Turbo,0.18973418512956786
craftship_codebox-npm,1,type3,GPT-3_5-Turbo,0.21625308042966185
craftship_codebox-npm,1,type1,GPT-4,0.21421539585357835
craftship_codebox-npm,1,type2,GPT-4,0.233742285209582
craftship_codebox-npm,1,type3,GPT-4,0.20259479195166435
craftship_codebox-npm,1,type1,DeepSeek-Coder-V2,0.2008639899967938
craftship_codebox-npm,1,type2,DeepSeek-Coder-V2,0.21267531751208757
craftship_codebox-npm,1,type3,DeepSeek-Coder-V2,0.23240611156103066
craftship_codebox-npm,1,type1,CodeQwen1_5-7B-Chat,0.21295693313606195
craftship_codebox-npm,1,type2,CodeQwen1_5-7B-Chat,0.17582833008204254
craftship_codebox-npm,1,type3,CodeQwen1_5-7B-Chat,0.18272728765178115
craftship_codebox-npm,1,type1,Artigenz-Coder-DS-6_7B,0.1773888414134312
craftship_codebox-npm,1,type2,Artigenz-Coder-DS-6_7B,0.1872359244754479
craftship_codebox-npm,1,type3,Artigenz-Coder-DS-6_7B,0.24510997662613898
craftship_codebox-npm,2,type1,GPT-3_5-Turbo,0.2986682973262438
craftship_codebox-npm,2,type2,GPT-3_5-Turbo,0.23961967885573726
craftship_codebox-npm,2,type3,GPT-3_5-Turbo,0.6507489005691343
craftship_codebox-npm,2,type1,GPT-4,0.2935066975140409
craftship_codebox-npm,2,type2,GPT-4,0.2962185803366029
craftship_codebox-npm,2,type3,GPT-4,0.84321247880737
craftship_codebox-npm,2,type1,DeepSeek-Coder-V2,0.3311856258354632
craftship_codebox-npm,2,type2,DeepSeek-Coder-V2,0.30025489829640156
craftship_codebox-npm,2,type3,DeepSeek-Coder-V2,0.8266767524614745
craftship_codebox-npm,2,type1,CodeQwen1_5-7B-Chat,0.22860211219832552
craftship_codebox-npm,2,type2,CodeQwen1_5-7B-Chat,0.23715185338469946
craftship_codebox-npm,2,type3,CodeQwen1_5-7B-Chat,0.5471627619805848
craftship_codebox-npm,2,type1,Artigenz-Coder-DS-6_7B,0.1832386026058514
craftship_codebox-npm,2,type2,Artigenz-Coder-DS-6_7B,0.25714411666643666
craftship_codebox-npm,2,type3,Artigenz-Coder-DS-6_7B,0.27527507455541145
craftship_codebox-npm,3,type1,GPT-3_5-Turbo,0.2876831666997394
craftship_codebox-npm,3,type2,GPT-3_5-Turbo,0.31302428721892955
craftship_codebox-npm,3,type3,GPT-3_5-Turbo,0.6297591716820211
craftship_codebox-npm,3,type1,GPT-4,0.31669094867683595
craftship_codebox-npm,3,type2,GPT-4,0.2748118581533615
craftship_codebox-npm,3,type3,GPT-4,0.5738947410018116
craftship_codebox-npm,3,type1,DeepSeek-Coder-V2,0.312591997473676
craftship_codebox-npm,3,type2,DeepSeek-Coder-V2,0.3199903853796594
craftship_codebox-npm,3,type3,DeepSeek-Coder-V2,0.6481614032078428
craftship_codebox-npm,3,type1,CodeQwen1_5-7B-Chat,0.26045967779089
craftship_codebox-npm,3,type2,CodeQwen1_5-7B-Chat,0.2647540594464094
craftship_codebox-npm,3,type3,CodeQwen1_5-7B-Chat,0.5410192441110916
craftship_codebox-npm,3,type1,Artigenz-Coder-DS-6_7B,0.24782134146728535
craftship_codebox-npm,3,type2,Artigenz-Coder-DS-6_7B,0.26145012530189327
craftship_codebox-npm,3,type3,Artigenz-Coder-DS-6_7B,0.4390241993965499
JuliaRegistries_TagBot,1,type1,GPT-3_5-Turbo,0.19361560778155668
JuliaRegistries_TagBot,1,type2,GPT-3_5-Turbo,0.19334738878569296
JuliaRegistries_TagBot,1,type1,GPT-4,0.2184473373014363
JuliaRegistries_TagBot,1,type2,GPT-4,0.20830159592760955
JuliaRegistries_TagBot,1,type1,DeepSeek-Coder-V2,0.24249724133644024
JuliaRegistries_TagBot,1,type2,DeepSeek-Coder-V2,0.22916192808066477
JuliaRegistries_TagBot,1,type1,CodeQwen1_5-7B-Chat,0.19483732975387758
JuliaRegistries_TagBot,1,type2,CodeQwen1_5-7B-Chat,0.18326855110723522
JuliaRegistries_TagBot,1,type1,Artigenz-Coder-DS-6_7B,0.2767538644210662
JuliaRegistries_TagBot,1,type2,Artigenz-Coder-DS-6_7B,0.14067199421191828
laconiajs_laconia,1,type1,GPT-3_5-Turbo,0.25583513177007694
laconiajs_laconia,1,type2,GPT-3_5-Turbo,0.28930369719779475
laconiajs_laconia,1,type3,GPT-3_5-Turbo,0.43398456053616696
laconiajs_laconia,1,type1,GPT-4,0.4896969766167333
laconiajs_laconia,1,type2,GPT-4,0.32681492965246817
laconiajs_laconia,1,type3,GPT-4,0.4760555629282437
laconiajs_laconia,1,type1,DeepSeek-Coder-V2,0.529356854391882
laconiajs_laconia,1,type2,DeepSeek-Coder-V2,0.3878003045099495
laconiajs_laconia,1,type3,DeepSeek-Coder-V2,0.5900497091622599
laconiajs_laconia,1,type1,CodeQwen1_5-7B-Chat,0.4898198823482732
laconiajs_laconia,1,type2,CodeQwen1_5-7B-Chat,0.46017866347290515
laconiajs_laconia,1,type3,CodeQwen1_5-7B-Chat,0.401595265883559
laconiajs_laconia,1,type1,Artigenz-Coder-DS-6_7B,0.2936948286158634
laconiajs_laconia,1,type2,Artigenz-Coder-DS-6_7B,0.335066121950212
laconiajs_laconia,1,type3,Artigenz-Coder-DS-6_7B,0.3238075482413266
laconiajs_laconia,2,type1,GPT-3_5-Turbo,0.2142620749486182
laconiajs_laconia,2,type2,GPT-3_5-Turbo,0.3326669041459555
laconiajs_laconia,2,type3,GPT-3_5-Turbo,0.33669755594380113
laconiajs_laconia,2,type1,GPT-4,0.23165280422776713
laconiajs_laconia,2,type2,GPT-4,0.36116229497546803
laconiajs_laconia,2,type3,GPT-4,0.43304045374821015
laconiajs_laconia,2,type1,DeepSeek-Coder-V2,0.32335978485232525
laconiajs_laconia,2,type2,DeepSeek-Coder-V2,0.3771238947215465
laconiajs_laconia,2,type3,DeepSeek-Coder-V2,0.36876891760930286
laconiajs_laconia,2,type1,CodeQwen1_5-7B-Chat,0.3035938861972021
laconiajs_laconia,2,type2,CodeQwen1_5-7B-Chat,0.26871189675893126
laconiajs_laconia,2,type3,CodeQwen1_5-7B-Chat,0.37102354169863266
laconiajs_laconia,2,type1,Artigenz-Coder-DS-6_7B,0.15175725909348897
laconiajs_laconia,2,type2,Artigenz-Coder-DS-6_7B,0.23779947323673445
laconiajs_laconia,2,type3,Artigenz-Coder-DS-6_7B,0.21824711946270647
laconiajs_laconia,3,type1,GPT-3_5-Turbo,0.3649624660442272
laconiajs_laconia,3,type2,GPT-3_5-Turbo,0.3238108853249556
laconiajs_laconia,3,type3,GPT-3_5-Turbo,0.46062621649944946
laconiajs_laconia,3,type1,GPT-4,0.3261767307797139
laconiajs_laconia,3,type2,GPT-4,0.3468483885037247
laconiajs_laconia,3,type3,GPT-4,0.47248253067259893
laconiajs_laconia,3,type1,DeepSeek-Coder-V2,0.39824396651060145
laconiajs_laconia,3,type2,DeepSeek-Coder-V2,0.3682678543470663
laconiajs_laconia,3,type3,DeepSeek-Coder-V2,0.4692819040325946
laconiajs_laconia,3,type1,CodeQwen1_5-7B-Chat,0.17378098087811508
laconiajs_laconia,3,type2,CodeQwen1_5-7B-Chat,0.3644138620708487
laconiajs_laconia,3,type3,CodeQwen1_5-7B-Chat,0.2708327878695461
laconiajs_laconia,3,type1,Artigenz-Coder-DS-6_7B,0.2274163347869328
laconiajs_laconia,3,type2,Artigenz-Coder-DS-6_7B,0.2550071839335154
laconiajs_laconia,3,type3,Artigenz-Coder-DS-6_7B,0.3675463501144141
StackJanitor,1,type1,GPT-3_5-Turbo,0.4253574614246631
StackJanitor,1,type2,GPT-3_5-Turbo,0.4080177000402767
StackJanitor,1,type3,GPT-3_5-Turbo,0.47584874197935173
StackJanitor,1,type1,GPT-4,0.44839113976404466
StackJanitor,1,type2,GPT-4,0.4402056975310801
StackJanitor,1,type3,GPT-4,0.430791999216948
StackJanitor,1,type1,DeepSeek-Coder-V2,0.4122958091830171
StackJanitor,1,type2,DeepSeek-Coder-V2,0.4482039943963715
StackJanitor,1,type3,DeepSeek-Coder-V2,0.4745527047298571
StackJanitor,1,type1,CodeQwen1_5-7B-Chat,0.3607824832112275
StackJanitor,1,type2,CodeQwen1_5-7B-Chat,0.4277545945127653
StackJanitor,1,type3,CodeQwen1_5-7B-Chat,0.41491271638957006
StackJanitor,1,type1,Artigenz-Coder-DS-6_7B,0.3921636580136989
StackJanitor,1,type2,Artigenz-Coder-DS-6_7B,0.3178128241954967
StackJanitor,1,type3,Artigenz-Coder-DS-6_7B,0.38909297851428176
StackJanitor,2,type1,GPT-3_5-Turbo,0.26139778187213003
StackJanitor,2,type2,GPT-3_5-Turbo,0.25219410465371733
StackJanitor,2,type3,GPT-3_5-Turbo,0.27103782375681224
StackJanitor,2,type1,GPT-4,0.25926935834176856
StackJanitor,2,type2,GPT-4,0.2550404416685173
StackJanitor,2,type3,GPT-4,0.3414983616084564
StackJanitor,2,type1,DeepSeek-Coder-V2,0.3504258756662586
StackJanitor,2,type2,DeepSeek-Coder-V2,0.2671753297104553
StackJanitor,2,type3,DeepSeek-Coder-V2,0.3238120450228111
StackJanitor,2,type1,CodeQwen1_5-7B-Chat,0.14286509684047294
StackJanitor,2,type2,CodeQwen1_5-7B-Chat,0.20066347097935516
StackJanitor,2,type3,CodeQwen1_5-7B-Chat,0.3180906996340266
StackJanitor,2,type1,Artigenz-Coder-DS-6_7B,0.19746695855854052
StackJanitor,2,type2,Artigenz-Coder-DS-6_7B,0.17201926172355753
StackJanitor,2,type3,Artigenz-Coder-DS-6_7B,0.23910060764146232
StackJanitor,3,type1,GPT-3_5-Turbo,0.2561986246707303
StackJanitor,3,type2,GPT-3_5-Turbo,0.16192404786761203
StackJanitor,3,type3,GPT-3_5-Turbo,0.1942082663589088
StackJanitor,3,type1,GPT-4,0.228667526198006
StackJanitor,3,type2,GPT-4,0.2071321292393576
StackJanitor,3,type3,GPT-4,0.2952281715770756
StackJanitor,3,type1,DeepSeek-Coder-V2,0.25575174490185004
StackJanitor,3,type2,DeepSeek-Coder-V2,0.22012898034575196
StackJanitor,3,type3,DeepSeek-Coder-V2,0.22244577454086922
StackJanitor,3,type1,CodeQwen1_5-7B-Chat,0.21438200260457382
StackJanitor,3,type2,CodeQwen1_5-7B-Chat,0.18281213923565148
StackJanitor,3,type3,CodeQwen1_5-7B-Chat,0.19982417359724897
StackJanitor,3,type1,Artigenz-Coder-DS-6_7B,0.20028821584440068
StackJanitor,3,type2,Artigenz-Coder-DS-6_7B,0.20572370025458642
StackJanitor,3,type3,Artigenz-Coder-DS-6_7B,0.22551604888058532
